Pile_Number,Material_Lots,Total_Lbs,Total_Tons,30
095,10011446,3202550,1601.28,
096,10011446,2399500,1199.75,
098,10011446,3213700,1606.85,
148,10011660,168750,84.38,
149,10011660,4197300,2098.65,
154,10011533,1108800,554.4,
161,10011418,837100,418.55,
171,10011004,322400,161.2,
17D,10011004,151950,75.97,
20H,10011425,801000,400.5,
236,10011653,58500,29.25,
249,10011521,1150550,575.27,
262,10011663,31500,15.75,
281,10011414,3543300,1771.65,
285,10011414,5762100,2881.05,
286,10011414,6644450,3322.22,
291,10012420,8760,4.38,
321,10011528,127900,63.95,
322,10011528,75950,37.98,
362,10011667,872900,436.45,
384,10011669,362400,181.2,
402,10011503,1680500,840.25,
405,10011503,474100,237.05,
407,10011503,75000,37.5,
410,10011512,573050,286.52,
41B,10011512,202150,101.08,
41X,10011512,1650650,825.33,
431,10011513,31950,15.97,
434,10011513,768750,384.38,
438,10011513,204950,102.47,
444,10012170,7315130,3657.57,
446,10012170,1943060,971.53,
448,10012170,3814610,1907.31,
494,10011540,76400,38.2,
503,10011509,1826500,913.25,
505,10011509,1523600,761.8,
509,10011509,2329750,1164.88,
519,10011529,419750,209.88,
525,10012284,450620,225.31,
581,10011559,41700,20.85,
58J,10011559,15450,7.72,
591,10011557,92900,46.45,
602,10011558,2586700,1293.35,
615,10011654,259550,129.78,
646,10011516,338200,169.1,
650,10011526,256800,128.4,
730,10011536,449150,224.57,
817,10011560,5100,2.55,
835,10011562,25850,12.93,
864,10031008,1176460,588.23,
906,10011652,565350,282.68,
917,10011543,107600,53.8,
923,10012360,209450,104.72,
946,10011657,0,0,
947,10011657,2091450,1045.72,
952,10011531,70200,35.1,
984,10031006,3250810,1625.4,
